Time,Life,SOC,slave_num,sum_volt,extsum_volt,current,avg_current,max_volt,max_volt_no,min_volt,min_volt_no,max_t,max_temp_no,min_t,min_temp_no,Bat_ErrCode,BatSYS_ErrCode,HD_ErrCode,Other_ErrCode,Total_in_AH,Total_out_AH,LifeA,sum_voltA,sum_currA,max_voltA,max_volt_noA,min_voltA,min_volt_noA,max_tA,max_temp_noA,min_tA,min_temp_noA,diff_VA,diff_TA,ErrorFlagA,BalanceA,sla_vnumA,sla_tnumA,voltA1,voltA2,voltA3,voltA4,voltA5,voltA6,voltA7,voltA8,voltA9,voltA10,voltA11,voltA12,voltA13,voltA14,voltA15,voltA16,voltA17,voltA18,voltA19,voltA20,voltA21,voltA22,voltA23,voltA24,voltA25,voltA26,voltA27,voltA28,voltA29,voltA30,voltA31,voltA32,voltA33,voltA34,voltA35,voltA36,temperA1,temperA2,temperA3,temperA4,temperA5,temperA6,temperA7,temperA8,LifeB,sum_voltB,sum_currB,max_voltB,max_volt_noB,min_voltB,min_volt_noB,max_tB,max_temp_noB,min_tB,min_temp_noB,diff_VB,diff_TB,ErrorFlagB,BalanceB,sla_vnumB,sla_tnumB,voltB1,voltB2,voltB3,voltB4,voltB5,voltB6,voltB7,voltB8,voltB9,voltB10,voltB11,voltB12,voltB13,voltB14,voltB15,voltB16,voltB17,voltB18,voltB19,voltB20,voltB21,voltB22,voltB23,voltB24,voltB25,voltB26,voltB27,voltB28,voltB29,voltB30,voltB31,voltB32,voltB33,voltB34,voltB35,voltB36,temperB1,temperB2,temperB3,temperB4,temperB5,temperB6,temperB7,temperB8,LifeC,sum_voltC,sum_currC,max_voltC,max_volt_noC,min_voltC,min_volt_noC,max_tC,max_temp_noC,min_tC,min_temp_noC,diff_VC,diff_TC,ErrorFlagC,BalanceC,sla_vnumC,sla_tnumC,voltC1,voltC2,voltC3,voltC4,voltC5,voltC6,voltC7,voltC8,voltC9,voltC10,voltC11,voltC12,voltC13,voltC14,voltC15,voltC16,voltC17,voltC18,voltC19,voltC20,voltC21,voltC22,voltC23,voltC24,voltC25,voltC26,voltC27,voltC28,voltC29,voltC30,voltC31,voltC32,voltC33,voltC34,voltC35,voltC36,temperC1,temperC2,temperC3,temperC4,temperC5,temperC6,temperC7,temperC8
18:42:34,0.000000,0.000000,3.000000,0.000000,1.200000,381.200000,381.400000,3.235000,36.000000,3.200000,1.000000,27.000000,8.000000,20.000000,1.000000,0C00C0C000000000,0000000000000000,0A00000000000000,000000000000000,0.000000,141.774000,168.000000,115.800000,0.000000,3.235000,36.000000,3.200000,1.000000,27.000000,8.000000,20.000000,36.000000,0.035000,0.000000,0A00000000000000,0,36.000000,8.000000,3.200000,3.201000,3.202000,3.203000,3.204000,3.205000,3.206000,3.207000,3.208000,3.209000,3.210000,3.211000,3.212000,3.213000,3.214000,3.215000,3.216000,3.217000,3.218000,3.219000,3.220000,3.221000,3.222000,3.223000,3.224000,3.225000,3.226000,3.227000,3.228000,3.229000,3.230000,3.231000,3.232000,3.233000,3.234000,3.235000,20.000000,21.000000,22.000000,23.000000,24.000000,25.000000,26.000000,27.000000,168.000000,115.800000,0.000000,3.235000,36.000000,3.200000,1.000000,27.000000,8.000000,20.000000,36.000000,0.035000,0.000000,0A00000000000000,0,36.000000,8.000000,3.200000,3.201000,3.202000,3.203000,3.204000,3.205000,3.206000,3.207000,3.208000,3.209000,3.210000,3.211000,3.212000,3.213000,3.214000,3.215000,3.216000,3.217000,3.218000,3.219000,3.220000,3.221000,3.222000,3.223000,3.224000,3.225000,3.226000,3.227000,3.228000,3.229000,3.230000,3.231000,3.232000,3.233000,3.234000,3.235000,20.000000,21.000000,22.000000,23.000000,24.000000,25.000000,26.000000,27.000000,168.000000,115.800000,0.000000,3.235000,36.000000,3.200000,1.000000,27.000000,8.000000,20.000000,36.000000,0.035000,0.000000,0A00000000000000,0,36.000000,8.000000,3.200000,3.201000,3.202000,3.203000,3.204000,3.205000,3.206000,3.207000,3.208000,3.209000,3.210000,3.211000,3.212000,3.213000,3.214000,3.215000,3.216000,3.217000,3.218000,3.219000,3.220000,3.221000,3.222000,3.223000,3.224000,3.225000,3.226000,3.227000,3.228000,3.229000,3.230000,3.231000,3.232000,3.233000,3.234000,3.235000,20.000000,21.000000,22.000000,23.000000,24.000000,25.000000,26.000000,27.000000
18:42:35,0.000000,0.000000,3.000000,0.000000,1.200000,381.200000,381.400000,3.235000,36.000000,3.200000,1.000000,27.000000,8.000000,20.000000,1.000000,0C00C0C000000000,0000000000000000,0A00000000000000,000000000000000,0.000000,141.774000,168.000000,115.800000,0.000000,3.235000,36.000000,3.200000,1.000000,27.000000,8.000000,20.000000,36.000000,0.035000,0.000000,0A00000000000000,0,36.000000,8.000000,3.200000,3.201000,3.202000,3.203000,3.204000,3.205000,3.206000,3.207000,3.208000,3.209000,3.210000,3.211000,3.212000,3.213000,3.214000,3.215000,3.216000,3.217000,3.218000,3.219000,3.220000,3.221000,3.222000,3.223000,3.224000,3.225000,3.226000,3.227000,3.228000,3.229000,3.230000,3.231000,3.232000,3.233000,3.234000,3.235000,20.000000,21.000000,22.000000,23.000000,24.000000,25.000000,26.000000,27.000000,168.000000,115.800000,0.000000,3.235000,36.000000,3.200000,1.000000,27.000000,8.000000,20.000000,36.000000,0.035000,0.000000,0A00000000000000,0,36.000000,8.000000,3.200000,3.201000,3.202000,3.203000,3.204000,3.205000,3.206000,3.207000,3.208000,3.209000,3.210000,3.211000,3.212000,3.213000,3.214000,3.215000,3.216000,3.217000,3.218000,3.219000,3.220000,3.221000,3.222000,3.223000,3.224000,3.225000,3.226000,3.227000,3.228000,3.229000,3.230000,3.231000,3.232000,3.233000,3.234000,3.235000,20.000000,21.000000,22.000000,23.000000,24.000000,25.000000,26.000000,27.000000,168.000000,115.800000,0.000000,3.235000,36.000000,3.200000,1.000000,27.000000,8.000000,20.000000,36.000000,0.035000,0.000000,0A00000000000000,0,36.000000,8.000000,3.200000,3.201000,3.202000,3.203000,3.204000,3.205000,3.206000,3.207000,3.208000,3.209000,3.210000,3.211000,3.212000,3.213000,3.214000,3.215000,3.216000,3.217000,3.218000,3.219000,3.220000,3.221000,3.222000,3.223000,3.224000,3.225000,3.226000,3.227000,3.228000,3.229000,3.230000,3.231000,3.232000,3.233000,3.234000,3.235000,20.000000,21.000000,22.000000,23.000000,24.000000,25.000000,26.000000,27.000000
18:42:36,0.000000,0.000000,3.000000,0.000000,1.200000,381.200000,381.400000,3.235000,36.000000,3.200000,1.000000,27.000000,8.000000,20.000000,1.000000,0C00C0C000000000,0000000000000000,0A00000000000000,000000000000000,0.000000,141.774000,168.000000,115.800000,0.000000,3.235000,36.000000,3.200000,1.000000,27.000000,8.000000,20.000000,36.000000,0.035000,0.000000,0A00000000000000,0,36.000000,8.000000,3.200000,3.201000,3.202000,3.203000,3.204000,3.205000,3.206000,3.207000,3.208000,3.209000,3.210000,3.211000,3.212000,3.213000,3.214000,3.215000,3.216000,3.217000,3.218000,3.219000,3.220000,3.221000,3.222000,3.223000,3.224000,3.225000,3.226000,3.227000,3.228000,3.229000,3.230000,3.231000,3.232000,3.233000,3.234000,3.235000,20.000000,21.000000,22.000000,23.000000,24.000000,25.000000,26.000000,27.000000,168.000000,115.800000,0.000000,3.235000,36.000000,3.200000,1.000000,27.000000,8.000000,20.000000,36.000000,0.035000,0.000000,0A00000000000000,0,36.000000,8.000000,3.200000,3.201000,3.202000,3.203000,3.204000,3.205000,3.206000,3.207000,3.208000,3.209000,3.210000,3.211000,3.212000,3.213000,3.214000,3.215000,3.216000,3.217000,3.218000,3.219000,3.220000,3.221000,3.222000,3.223000,3.224000,3.225000,3.226000,3.227000,3.228000,3.229000,3.230000,3.231000,3.232000,3.233000,3.234000,3.235000,20.000000,21.000000,22.000000,23.000000,24.000000,25.000000,26.000000,27.000000,168.000000,115.800000,0.000000,3.235000,36.000000,3.200000,1.000000,27.000000,8.000000,20.000000,36.000000,0.035000,0.000000,0A00000000000000,0,36.000000,8.000000,3.200000,3.201000,3.202000,3.203000,3.204000,3.205000,3.206000,3.207000,3.208000,3.209000,3.210000,3.211000,3.212000,3.213000,3.214000,3.215000,3.216000,3.217000,3.218000,3.219000,3.220000,3.221000,3.222000,3.223000,3.224000,3.225000,3.226000,3.227000,3.228000,3.229000,3.230000,3.231000,3.232000,3.233000,3.234000,3.235000,20.000000,21.000000,22.000000,23.000000,24.000000,25.000000,26.000000,27.000000
18:42:37,0.000000,0.000000,3.000000,0.000000,1.200000,381.200000,381.400000,3.235000,36.000000,3.200000,1.000000,27.000000,8.000000,20.000000,1.000000,0C00C0C000000000,0000000000000000,0A00000000000000,000000000000000,0.000000,141.774000,168.000000,115.800000,0.000000,3.235000,36.000000,3.200000,1.000000,27.000000,8.000000,20.000000,36.000000,0.035000,0.000000,0A00000000000000,0,36.000000,8.000000,3.200000,3.201000,3.202000,3.203000,3.204000,3.205000,3.206000,3.207000,3.208000,3.209000,3.210000,3.211000,3.212000,3.213000,3.214000,3.215000,3.216000,3.217000,3.218000,3.219000,3.220000,3.221000,3.222000,3.223000,3.224000,3.225000,3.226000,3.227000,3.228000,3.229000,3.230000,3.231000,3.232000,3.233000,3.234000,3.235000,20.000000,21.000000,22.000000,23.000000,24.000000,25.000000,26.000000,27.000000,168.000000,115.800000,0.000000,3.235000,36.000000,3.200000,1.000000,27.000000,8.000000,20.000000,36.000000,0.035000,0.000000,0A00000000000000,0,36.000000,8.000000,3.200000,3.201000,3.202000,3.203000,3.204000,3.205000,3.206000,3.207000,3.208000,3.209000,3.210000,3.211000,3.212000,3.213000,3.214000,3.215000,3.216000,3.217000,3.218000,3.219000,3.220000,3.221000,3.222000,3.223000,3.224000,3.225000,3.226000,3.227000,3.228000,3.229000,3.230000,3.231000,3.232000,3.233000,3.234000,3.235000,20.000000,21.000000,22.000000,23.000000,24.000000,25.000000,26.000000,27.000000,168.000000,115.800000,0.000000,3.235000,36.000000,3.200000,1.000000,27.000000,8.000000,20.000000,36.000000,0.035000,0.000000,0A00000000000000,0,36.000000,8.000000,3.200000,3.201000,3.202000,3.203000,3.204000,3.205000,3.206000,3.207000,3.208000,3.209000,3.210000,3.211000,3.212000,3.213000,3.214000,3.215000,3.216000,3.217000,3.218000,3.219000,3.220000,3.221000,3.222000,3.223000,3.224000,3.225000,3.226000,3.227000,3.228000,3.229000,3.230000,3.231000,3.232000,3.233000,3.234000,3.235000,20.000000,21.000000,22.000000,23.000000,24.000000,25.000000,26.000000,27.000000
18:42:38,0.000000,0.000000,3.000000,0.000000,1.200000,381.200000,381.400000,3.235000,36.000000,3.200000,1.000000,27.000000,8.000000,20.000000,1.000000,0C00C0C000000000,0000000000000000,0A00000000000000,000000000000000,0.000000,141.774000,168.000000,115.800000,0.000000,3.235000,36.000000,3.200000,1.000000,27.000000,8.000000,20.000000,36.000000,0.035000,0.000000,0A00000000000000,0,36.000000,8.000000,3.200000,3.201000,3.202000,3.203000,3.204000,3.205000,3.206000,3.207000,3.208000,3.209000,3.210000,3.211000,3.212000,3.213000,3.214000,3.215000,3.216000,3.217000,3.218000,3.219000,3.220000,3.221000,3.222000,3.223000,3.224000,3.225000,3.226000,3.227000,3.228000,3.229000,3.230000,3.231000,3.232000,3.233000,3.234000,3.235000,20.000000,21.000000,22.000000,23.000000,24.000000,25.000000,26.000000,27.000000,168.000000,115.800000,0.000000,3.235000,36.000000,3.200000,1.000000,27.000000,8.000000,20.000000,36.000000,0.035000,0.000000,0A00000000000000,0,36.000000,8.000000,3.200000,3.201000,3.202000,3.203000,3.204000,3.205000,3.206000,3.207000,3.208000,3.209000,3.210000,3.211000,3.212000,3.213000,3.214000,3.215000,3.216000,3.217000,3.218000,3.219000,3.220000,3.221000,3.222000,3.223000,3.224000,3.225000,3.226000,3.227000,3.228000,3.229000,3.230000,3.231000,3.232000,3.233000,3.234000,3.235000,20.000000,21.000000,22.000000,23.000000,24.000000,25.000000,26.000000,27.000000,168.000000,115.800000,0.000000,3.235000,36.000000,3.200000,1.000000,27.000000,8.000000,20.000000,36.000000,0.035000,0.000000,0A00000000000000,0,36.000000,8.000000,3.200000,3.201000,3.202000,3.203000,3.204000,3.205000,3.206000,3.207000,3.208000,3.209000,3.210000,3.211000,3.212000,3.213000,3.214000,3.215000,3.216000,3.217000,3.218000,3.219000,3.220000,3.221000,3.222000,3.223000,3.224000,3.225000,3.226000,3.227000,3.228000,3.229000,3.230000,3.231000,3.232000,3.233000,3.234000,3.235000,20.000000,21.000000,22.000000,23.000000,24.000000,25.000000,26.000000,27.000000
18:42:39,0.000000,0.000000,3.000000,0.000000,1.200000,381.200000,381.400000,3.235000,36.000000,3.200000,1.000000,27.000000,8.000000,20.000000,1.000000,0C00C0C000000000,0000000000000000,0A00000000000000,000000000000000,0.000000,141.774000,168.000000,115.800000,0.000000,3.235000,36.000000,3.200000,1.000000,27.000000,8.000000,20.000000,36.000000,0.035000,0.000000,0A00000000000000,0,36.000000,8.000000,3.200000,3.201000,3.202000,3.203000,3.204000,3.205000,3.206000,3.207000,3.208000,3.209000,3.210000,3.211000,3.212000,3.213000,3.214000,3.215000,3.216000,3.217000,3.218000,3.219000,3.220000,3.221000,3.222000,3.223000,3.224000,3.225000,3.226000,3.227000,3.228000,3.229000,3.230000,3.231000,3.232000,3.233000,3.234000,3.235000,20.000000,21.000000,22.000000,23.000000,24.000000,25.000000,26.000000,27.000000,168.000000,115.800000,0.000000,3.235000,36.000000,3.200000,1.000000,27.000000,8.000000,20.000000,36.000000,0.035000,0.000000,0A00000000000000,0,36.000000,8.000000,3.200000,3.201000,3.202000,3.203000,3.204000,3.205000,3.206000,3.207000,3.208000,3.209000,3.210000,3.211000,3.212000,3.213000,3.214000,3.215000,3.216000,3.217000,3.218000,3.219000,3.220000,3.221000,3.222000,3.223000,3.224000,3.225000,3.226000,3.227000,3.228000,3.229000,3.230000,3.231000,3.232000,3.233000,3.234000,3.235000,20.000000,21.000000,22.000000,23.000000,24.000000,25.000000,26.000000,27.000000,168.000000,115.800000,0.000000,3.235000,36.000000,3.200000,1.000000,27.000000,8.000000,20.000000,36.000000,0.035000,0.000000,0A00000000000000,0,36.000000,8.000000,3.200000,3.201000,3.202000,3.203000,3.204000,3.205000,3.206000,3.207000,3.208000,3.209000,3.210000,3.211000,3.212000,3.213000,3.214000,3.215000,3.216000,3.217000,3.218000,3.219000,3.220000,3.221000,3.222000,3.223000,3.224000,3.225000,3.226000,3.227000,3.228000,3.229000,3.230000,3.231000,3.232000,3.233000,3.234000,3.235000,20.000000,21.000000,22.000000,23.000000,24.000000,25.000000,26.000000,27.000000
18:42:40,0.000000,0.000000,3.000000,0.000000,1.200000,381.200000,381.400000,3.235000,36.000000,3.200000,1.000000,27.000000,8.000000,20.000000,1.000000,0C00C0C000000000,0000000000000000,0A00000000000000,000000000000000,0.000000,141.774000,168.000000,115.800000,0.000000,3.235000,36.000000,3.200000,1.000000,27.000000,8.000000,20.000000,36.000000,0.035000,0.000000,0A00000000000000,0,36.000000,8.000000,3.200000,3.201000,3.202000,3.203000,3.204000,3.205000,3.206000,3.207000,3.208000,3.209000,3.210000,3.211000,3.212000,3.213000,3.214000,3.215000,3.216000,3.217000,3.218000,3.219000,3.220000,3.221000,3.222000,3.223000,3.224000,3.225000,3.226000,3.227000,3.228000,3.229000,3.230000,3.231000,3.232000,3.233000,3.234000,3.235000,20.000000,21.000000,22.000000,23.000000,24.000000,25.000000,26.000000,27.000000,168.000000,115.800000,0.000000,3.235000,36.000000,3.200000,1.000000,27.000000,8.000000,20.000000,36.000000,0.035000,0.000000,0A00000000000000,0,36.000000,8.000000,3.200000,3.201000,3.202000,3.203000,3.204000,3.205000,3.206000,3.207000,3.208000,3.209000,3.210000,3.211000,3.212000,3.213000,3.214000,3.215000,3.216000,3.217000,3.218000,3.219000,3.220000,3.221000,3.222000,3.223000,3.224000,3.225000,3.226000,3.227000,3.228000,3.229000,3.230000,3.231000,3.232000,3.233000,3.234000,3.235000,20.000000,21.000000,22.000000,23.000000,24.000000,25.000000,26.000000,27.000000,168.000000,115.800000,0.000000,3.235000,36.000000,3.200000,1.000000,27.000000,8.000000,20.000000,36.000000,0.035000,0.000000,0A00000000000000,0,36.000000,8.000000,3.200000,3.201000,3.202000,3.203000,3.204000,3.205000,3.206000,3.207000,3.208000,3.209000,3.210000,3.211000,3.212000,3.213000,3.214000,3.215000,3.216000,3.217000,3.218000,3.219000,3.220000,3.221000,3.222000,3.223000,3.224000,3.225000,3.226000,3.227000,3.228000,3.229000,3.230000,3.231000,3.232000,3.233000,3.234000,3.235000,20.000000,21.000000,22.000000,23.000000,24.000000,25.000000,26.000000,27.000000
18:42:41,0.000000,0.000000,3.000000,0.000000,1.200000,381.200000,381.400000,3.235000,36.000000,3.200000,1.000000,27.000000,8.000000,20.000000,1.000000,0C00C0C000000000,0000000000000000,0A00000000000000,000000000000000,0.000000,141.774000,168.000000,115.800000,0.000000,3.235000,36.000000,3.200000,1.000000,27.000000,8.000000,20.000000,36.000000,0.035000,0.000000,0A00000000000000,0,36.000000,8.000000,3.200000,3.201000,3.202000,3.203000,3.204000,3.205000,3.206000,3.207000,3.208000,3.209000,3.210000,3.211000,3.212000,3.213000,3.214000,3.215000,3.216000,3.217000,3.218000,3.219000,3.220000,3.221000,3.222000,3.223000,3.224000,3.225000,3.226000,3.227000,3.228000,3.229000,3.230000,3.231000,3.232000,3.233000,3.234000,3.235000,20.000000,21.000000,22.000000,23.000000,24.000000,25.000000,26.000000,27.000000,168.000000,115.800000,0.000000,3.235000,36.000000,3.200000,1.000000,27.000000,8.000000,20.000000,36.000000,0.035000,0.000000,0A00000000000000,0,36.000000,8.000000,3.200000,3.201000,3.202000,3.203000,3.204000,3.205000,3.206000,3.207000,3.208000,3.209000,3.210000,3.211000,3.212000,3.213000,3.214000,3.215000,3.216000,3.217000,3.218000,3.219000,3.220000,3.221000,3.222000,3.223000,3.224000,3.225000,3.226000,3.227000,3.228000,3.229000,3.230000,3.231000,3.232000,3.233000,3.234000,3.235000,20.000000,21.000000,22.000000,23.000000,24.000000,25.000000,26.000000,27.000000,168.000000,115.800000,0.000000,3.235000,36.000000,3.200000,1.000000,27.000000,8.000000,20.000000,36.000000,0.035000,0.000000,0A00000000000000,0,36.000000,8.000000,3.200000,3.201000,3.202000,3.203000,3.204000,3.205000,3.206000,3.207000,3.208000,3.209000,3.210000,3.211000,3.212000,3.213000,3.214000,3.215000,3.216000,3.217000,3.218000,3.219000,3.220000,3.221000,3.222000,3.223000,3.224000,3.225000,3.226000,3.227000,3.228000,3.229000,3.230000,3.231000,3.232000,3.233000,3.234000,3.235000,20.000000,21.000000,22.000000,23.000000,24.000000,25.000000,26.000000,27.000000
18:42:42,0.000000,0.000000,3.000000,0.000000,1.200000,381.200000,381.400000,3.235000,36.000000,3.200000,1.000000,27.000000,8.000000,20.000000,1.000000,0C00C0C000000000,0000000000000000,0A00000000000000,000000000000000,0.000000,141.774000,168.000000,115.800000,0.000000,3.235000,36.000000,3.200000,1.000000,27.000000,8.000000,20.000000,36.000000,0.035000,0.000000,0A00000000000000,0,36.000000,8.000000,3.200000,3.201000,3.202000,3.203000,3.204000,3.205000,3.206000,3.207000,3.208000,3.209000,3.210000,3.211000,3.212000,3.213000,3.214000,3.215000,3.216000,3.217000,3.218000,3.219000,3.220000,3.221000,3.222000,3.223000,3.224000,3.225000,3.226000,3.227000,3.228000,3.229000,3.230000,3.231000,3.232000,3.233000,3.234000,3.235000,20.000000,21.000000,22.000000,23.000000,24.000000,25.000000,26.000000,27.000000,168.000000,115.800000,0.000000,3.235000,36.000000,3.200000,1.000000,27.000000,8.000000,20.000000,36.000000,0.035000,0.000000,0A00000000000000,0,36.000000,8.000000,3.200000,3.201000,3.202000,3.203000,3.204000,3.205000,3.206000,3.207000,3.208000,3.209000,3.210000,3.211000,3.212000,3.213000,3.214000,3.215000,3.216000,3.217000,3.218000,3.219000,3.220000,3.221000,3.222000,3.223000,3.224000,3.225000,3.226000,3.227000,3.228000,3.229000,3.230000,3.231000,3.232000,3.233000,3.234000,3.235000,20.000000,21.000000,22.000000,23.000000,24.000000,25.000000,26.000000,27.000000,168.000000,115.800000,0.000000,3.235000,36.000000,3.200000,1.000000,27.000000,8.000000,20.000000,36.000000,0.035000,0.000000,0A00000000000000,0,36.000000,8.000000,3.200000,3.201000,3.202000,3.203000,3.204000,3.205000,3.206000,3.207000,3.208000,3.209000,3.210000,3.211000,3.212000,3.213000,3.214000,3.215000,3.216000,3.217000,3.218000,3.219000,3.220000,3.221000,3.222000,3.223000,3.224000,3.225000,3.226000,3.227000,3.228000,3.229000,3.230000,3.231000,3.232000,3.233000,3.234000,3.235000,20.000000,21.000000,22.000000,23.000000,24.000000,25.000000,26.000000,27.000000
18:42:43,0.000000,0.000000,3.000000,0.000000,1.200000,381.200000,381.400000,3.235000,36.000000,3.200000,1.000000,27.000000,8.000000,20.000000,1.000000,0C00C0C000000000,0000000000000000,0A00000000000000,000000000000000,0.000000,141.774000,168.000000,115.800000,0.000000,3.235000,36.000000,3.200000,1.000000,27.000000,8.000000,20.000000,36.000000,0.035000,0.000000,0A00000000000000,0,36.000000,8.000000,3.200000,3.201000,3.202000,3.203000,3.204000,3.205000,3.206000,3.207000,3.208000,3.209000,3.210000,3.211000,3.212000,3.213000,3.214000,3.215000,3.216000,3.217000,3.218000,3.219000,3.220000,3.221000,3.222000,3.223000,3.224000,3.225000,3.226000,3.227000,3.228000,3.229000,3.230000,3.231000,3.232000,3.233000,3.234000,3.235000,20.000000,21.000000,22.000000,23.000000,24.000000,25.000000,26.000000,27.000000,168.000000,115.800000,0.000000,3.235000,36.000000,3.200000,1.000000,27.000000,8.000000,20.000000,36.000000,0.035000,0.000000,0A00000000000000,0,36.000000,8.000000,3.200000,3.201000,3.202000,3.203000,3.204000,3.205000,3.206000,3.207000,3.208000,3.209000,3.210000,3.211000,3.212000,3.213000,3.214000,3.215000,3.216000,3.217000,3.218000,3.219000,3.220000,3.221000,3.222000,3.223000,3.224000,3.225000,3.226000,3.227000,3.228000,3.229000,3.230000,3.231000,3.232000,3.233000,3.234000,3.235000,20.000000,21.000000,22.000000,23.000000,24.000000,25.000000,26.000000,27.000000,168.000000,115.800000,0.000000,3.235000,36.000000,3.200000,1.000000,27.000000,8.000000,20.000000,36.000000,0.035000,0.000000,0A00000000000000,0,36.000000,8.000000,3.200000,3.201000,3.202000,3.203000,3.204000,3.205000,3.206000,3.207000,3.208000,3.209000,3.210000,3.211000,3.212000,3.213000,3.214000,3.215000,3.216000,3.217000,3.218000,3.219000,3.220000,3.221000,3.222000,3.223000,3.224000,3.225000,3.226000,3.227000,3.228000,3.229000,3.230000,3.231000,3.232000,3.233000,3.234000,3.235000,20.000000,21.000000,22.000000,23.000000,24.000000,25.000000,26.000000,27.000000
18:42:44,0.000000,0.000000,3.000000,0.000000,1.200000,381.200000,381.400000,3.235000,36.000000,3.200000,1.000000,27.000000,8.000000,20.000000,1.000000,0C00C0C000000000,0000000000000000,0A00000000000000,000000000000000,0.000000,141.774000,168.000000,115.800000,0.000000,3.235000,36.000000,3.200000,1.000000,27.000000,8.000000,20.000000,36.000000,0.035000,0.000000,0A00000000000000,0,36.000000,8.000000,3.200000,3.201000,3.202000,3.203000,3.204000,3.205000,3.206000,3.207000,3.208000,3.209000,3.210000,3.211000,3.212000,3.213000,3.214000,3.215000,3.216000,3.217000,3.218000,3.219000,3.220000,3.221000,3.222000,3.223000,3.224000,3.225000,3.226000,3.227000,3.228000,3.229000,3.230000,3.231000,3.232000,3.233000,3.234000,3.235000,20.000000,21.000000,22.000000,23.000000,24.000000,25.000000,26.000000,27.000000,168.000000,115.800000,0.000000,3.235000,36.000000,3.200000,1.000000,27.000000,8.000000,20.000000,36.000000,0.035000,0.000000,0A00000000000000,0,36.000000,8.000000,3.200000,3.201000,3.202000,3.203000,3.204000,3.205000,3.206000,3.207000,3.208000,3.209000,3.210000,3.211000,3.212000,3.213000,3.214000,3.215000,3.216000,3.217000,3.218000,3.219000,3.220000,3.221000,3.222000,3.223000,3.224000,3.225000,3.226000,3.227000,3.228000,3.229000,3.230000,3.231000,3.232000,3.233000,3.234000,3.235000,20.000000,21.000000,22.000000,23.000000,24.000000,25.000000,26.000000,27.000000,168.000000,115.800000,0.000000,3.235000,36.000000,3.200000,1.000000,27.000000,8.000000,20.000000,36.000000,0.035000,0.000000,0A00000000000000,0,36.000000,8.000000,3.200000,3.201000,3.202000,3.203000,3.204000,3.205000,3.206000,3.207000,3.208000,3.209000,3.210000,3.211000,3.212000,3.213000,3.214000,3.215000,3.216000,3.217000,3.218000,3.219000,3.220000,3.221000,3.222000,3.223000,3.224000,3.225000,3.226000,3.227000,3.228000,3.229000,3.230000,3.231000,3.232000,3.233000,3.234000,3.235000,20.000000,21.000000,22.000000,23.000000,24.000000,25.000000,26.000000,27.000000
18:42:45,0.000000,0.000000,3.000000,0.000000,1.200000,381.200000,381.400000,3.235000,36.000000,3.200000,1.000000,27.000000,8.000000,20.000000,1.000000,0C00C0C000000000,0000000000000000,0A00000000000000,000000000000000,0.000000,141.774000,168.000000,115.800000,0.000000,3.235000,36.000000,3.200000,1.000000,27.000000,8.000000,20.000000,36.000000,0.035000,0.000000,0A00000000000000,0,36.000000,8.000000,3.200000,3.201000,3.202000,3.203000,3.204000,3.205000,3.206000,3.207000,3.208000,3.209000,3.210000,3.211000,3.212000,3.213000,3.214000,3.215000,3.216000,3.217000,3.218000,3.219000,3.220000,3.221000,3.222000,3.223000,3.224000,3.225000,3.226000,3.227000,3.228000,3.229000,3.230000,3.231000,3.232000,3.233000,3.234000,3.235000,20.000000,21.000000,22.000000,23.000000,24.000000,25.000000,26.000000,27.000000,168.000000,115.800000,0.000000,3.235000,36.000000,3.200000,1.000000,27.000000,8.000000,20.000000,36.000000,0.035000,0.000000,0A00000000000000,0,36.000000,8.000000,3.200000,3.201000,3.202000,3.203000,3.204000,3.205000,3.206000,3.207000,3.208000,3.209000,3.210000,3.211000,3.212000,3.213000,3.214000,3.215000,3.216000,3.217000,3.218000,3.219000,3.220000,3.221000,3.222000,3.223000,3.224000,3.225000,3.226000,3.227000,3.228000,3.229000,3.230000,3.231000,3.232000,3.233000,3.234000,3.235000,20.000000,21.000000,22.000000,23.000000,24.000000,25.000000,26.000000,27.000000,168.000000,115.800000,0.000000,3.235000,36.000000,3.200000,1.000000,27.000000,8.000000,20.000000,36.000000,0.035000,0.000000,0A00000000000000,0,36.000000,8.000000,3.200000,3.201000,3.202000,3.203000,3.204000,3.205000,3.206000,3.207000,3.208000,3.209000,3.210000,3.211000,3.212000,3.213000,3.214000,3.215000,3.216000,3.217000,3.218000,3.219000,3.220000,3.221000,3.222000,3.223000,3.224000,3.225000,3.226000,3.227000,3.228000,3.229000,3.230000,3.231000,3.232000,3.233000,3.234000,3.235000,20.000000,21.000000,22.000000,23.000000,24.000000,25.000000,26.000000,27.000000
18:42:46,0.000000,0.000000,3.000000,0.000000,1.200000,381.200000,381.400000,3.235000,36.000000,3.200000,1.000000,27.000000,8.000000,20.000000,1.000000,0C00C0C000000000,0000000000000000,0A00000000000000,000000000000000,0.000000,141.774000,168.000000,115.800000,0.000000,3.235000,36.000000,3.200000,1.000000,27.000000,8.000000,20.000000,36.000000,0.035000,0.000000,0A00000000000000,0,36.000000,8.000000,3.200000,3.201000,3.202000,3.203000,3.204000,3.205000,3.206000,3.207000,3.208000,3.209000,3.210000,3.211000,3.212000,3.213000,3.214000,3.215000,3.216000,3.217000,3.218000,3.219000,3.220000,3.221000,3.222000,3.223000,3.224000,3.225000,3.226000,3.227000,3.228000,3.229000,3.230000,3.231000,3.232000,3.233000,3.234000,3.235000,20.000000,21.000000,22.000000,23.000000,24.000000,25.000000,26.000000,27.000000,168.000000,115.800000,0.000000,3.235000,36.000000,3.200000,1.000000,27.000000,8.000000,20.000000,36.000000,0.035000,0.000000,0A00000000000000,0,36.000000,8.000000,3.200000,3.201000,3.202000,3.203000,3.204000,3.205000,3.206000,3.207000,3.208000,3.209000,3.210000,3.211000,3.212000,3.213000,3.214000,3.215000,3.216000,3.217000,3.218000,3.219000,3.220000,3.221000,3.222000,3.223000,3.224000,3.225000,3.226000,3.227000,3.228000,3.229000,3.230000,3.231000,3.232000,3.233000,3.234000,3.235000,20.000000,21.000000,22.000000,23.000000,24.000000,25.000000,26.000000,27.000000,168.000000,115.800000,0.000000,3.235000,36.000000,3.200000,1.000000,27.000000,8.000000,20.000000,36.000000,0.035000,0.000000,0A00000000000000,0,36.000000,8.000000,3.200000,3.201000,3.202000,3.203000,3.204000,3.205000,3.206000,3.207000,3.208000,3.209000,3.210000,3.211000,3.212000,3.213000,3.214000,3.215000,3.216000,3.217000,3.218000,3.219000,3.220000,3.221000,3.222000,3.223000,3.224000,3.225000,3.226000,3.227000,3.228000,3.229000,3.230000,3.231000,3.232000,3.233000,3.234000,3.235000,20.000000,21.000000,22.000000,23.000000,24.000000,25.000000,26.000000,27.000000
18:42:47,0.000000,0.000000,3.000000,0.000000,1.200000,381.200000,381.400000,3.235000,36.000000,3.200000,1.000000,27.000000,8.000000,20.000000,1.000000,0C00C0C000000000,0000000000000000,0A00000000000000,000000000000000,0.000000,141.774000,168.000000,115.800000,0.000000,3.235000,36.000000,3.200000,1.000000,27.000000,8.000000,20.000000,36.000000,0.035000,0.000000,0A00000000000000,0,36.000000,8.000000,3.200000,3.201000,3.202000,3.203000,3.204000,3.205000,3.206000,3.207000,3.208000,3.209000,3.210000,3.211000,3.212000,3.213000,3.214000,3.215000,3.216000,3.217000,3.218000,3.219000,3.220000,3.221000,3.222000,3.223000,3.224000,3.225000,3.226000,3.227000,3.228000,3.229000,3.230000,3.231000,3.232000,3.233000,3.234000,3.235000,20.000000,21.000000,22.000000,23.000000,24.000000,25.000000,26.000000,27.000000,168.000000,115.800000,0.000000,3.235000,36.000000,3.200000,1.000000,27.000000,8.000000,20.000000,36.000000,0.035000,0.000000,0A00000000000000,0,36.000000,8.000000,3.200000,3.201000,3.202000,3.203000,3.204000,3.205000,3.206000,3.207000,3.208000,3.209000,3.210000,3.211000,3.212000,3.213000,3.214000,3.215000,3.216000,3.217000,3.218000,3.219000,3.220000,3.221000,3.222000,3.223000,3.224000,3.225000,3.226000,3.227000,3.228000,3.229000,3.230000,3.231000,3.232000,3.233000,3.234000,3.235000,20.000000,21.000000,22.000000,23.000000,24.000000,25.000000,26.000000,27.000000,168.000000,115.800000,0.000000,3.235000,36.000000,3.200000,1.000000,27.000000,8.000000,20.000000,36.000000,0.035000,0.000000,0A00000000000000,0,36.000000,8.000000,3.200000,3.201000,3.202000,3.203000,3.204000,3.205000,3.206000,3.207000,3.208000,3.209000,3.210000,3.211000,3.212000,3.213000,3.214000,3.215000,3.216000,3.217000,3.218000,3.219000,3.220000,3.221000,3.222000,3.223000,3.224000,3.225000,3.226000,3.227000,3.228000,3.229000,3.230000,3.231000,3.232000,3.233000,3.234000,3.235000,20.000000,21.000000,22.000000,23.000000,24.000000,25.000000,26.000000,27.000000
18:42:48,0.000000,0.000000,3.000000,0.000000,1.200000,381.200000,381.400000,3.235000,36.000000,3.200000,1.000000,27.000000,8.000000,20.000000,1.000000,0C00C0C000000000,0000000000000000,0A00000000000000,000000000000000,0.000000,141.774000,168.000000,115.800000,0.000000,3.235000,36.000000,3.200000,1.000000,27.000000,8.000000,20.000000,36.000000,0.035000,0.000000,0A00000000000000,0,36.000000,8.000000,3.200000,3.201000,3.202000,3.203000,3.204000,3.205000,3.206000,3.207000,3.208000,3.209000,3.210000,3.211000,3.212000,3.213000,3.214000,3.215000,3.216000,3.217000,3.218000,3.219000,3.220000,3.221000,3.222000,3.223000,3.224000,3.225000,3.226000,3.227000,3.228000,3.229000,3.230000,3.231000,3.232000,3.233000,3.234000,3.235000,20.000000,21.000000,22.000000,23.000000,24.000000,25.000000,26.000000,27.000000,168.000000,115.800000,0.000000,3.235000,36.000000,3.200000,1.000000,27.000000,8.000000,20.000000,36.000000,0.035000,0.000000,0A00000000000000,0,36.000000,8.000000,3.200000,3.201000,3.202000,3.203000,3.204000,3.205000,3.206000,3.207000,3.208000,3.209000,3.210000,3.211000,3.212000,3.213000,3.214000,3.215000,3.216000,3.217000,3.218000,3.219000,3.220000,3.221000,3.222000,3.223000,3.224000,3.225000,3.226000,3.227000,3.228000,3.229000,3.230000,3.231000,3.232000,3.233000,3.234000,3.235000,20.000000,21.000000,22.000000,23.000000,24.000000,25.000000,26.000000,27.000000,168.000000,115.800000,0.000000,3.235000,36.000000,3.200000,1.000000,27.000000,8.000000,20.000000,36.000000,0.035000,0.000000,0A00000000000000,0,36.000000,8.000000,3.200000,3.201000,3.202000,3.203000,3.204000,3.205000,3.206000,3.207000,3.208000,3.209000,3.210000,3.211000,3.212000,3.213000,3.214000,3.215000,3.216000,3.217000,3.218000,3.219000,3.220000,3.221000,3.222000,3.223000,3.224000,3.225000,3.226000,3.227000,3.228000,3.229000,3.230000,3.231000,3.232000,3.233000,3.234000,3.235000,20.000000,21.000000,22.000000,23.000000,24.000000,25.000000,26.000000,27.000000
18:42:49,0.000000,0.000000,3.000000,0.000000,1.200000,381.200000,381.400000,3.235000,36.000000,3.200000,1.000000,27.000000,8.000000,20.000000,1.000000,0C00C0C000000000,0000000000000000,0A00000000000000,000000000000000,0.000000,141.774000,168.000000,115.800000,0.000000,3.235000,36.000000,3.200000,1.000000,27.000000,8.000000,20.000000,36.000000,0.035000,0.000000,0A00000000000000,0,36.000000,8.000000,3.200000,3.201000,3.202000,3.203000,3.204000,3.205000,3.206000,3.207000,3.208000,3.209000,3.210000,3.211000,3.212000,3.213000,3.214000,3.215000,3.216000,3.217000,3.218000,3.219000,3.220000,3.221000,3.222000,3.223000,3.224000,3.225000,3.226000,3.227000,3.228000,3.229000,3.230000,3.231000,3.232000,3.233000,3.234000,3.235000,20.000000,21.000000,22.000000,23.000000,24.000000,25.000000,26.000000,27.000000,168.000000,115.800000,0.000000,3.235000,36.000000,3.200000,1.000000,27.000000,8.000000,20.000000,36.000000,0.035000,0.000000,0A00000000000000,0,36.000000,8.000000,3.200000,3.201000,3.202000,3.203000,3.204000,3.205000,3.206000,3.207000,3.208000,3.209000,3.210000,3.211000,3.212000,3.213000,3.214000,3.215000,3.216000,3.217000,3.218000,3.219000,3.220000,3.221000,3.222000,3.223000,3.224000,3.225000,3.226000,3.227000,3.228000,3.229000,3.230000,3.231000,3.232000,3.233000,3.234000,3.235000,20.000000,21.000000,22.000000,23.000000,24.000000,25.000000,26.000000,27.000000,168.000000,115.800000,0.000000,3.235000,36.000000,3.200000,1.000000,27.000000,8.000000,20.000000,36.000000,0.035000,0.000000,0A00000000000000,0,36.000000,8.000000,3.200000,3.201000,3.202000,3.203000,3.204000,3.205000,3.206000,3.207000,3.208000,3.209000,3.210000,3.211000,3.212000,3.213000,3.214000,3.215000,3.216000,3.217000,3.218000,3.219000,3.220000,3.221000,3.222000,3.223000,3.224000,3.225000,3.226000,3.227000,3.228000,3.229000,3.230000,3.231000,3.232000,3.233000,3.234000,3.235000,20.000000,21.000000,22.000000,23.000000,24.000000,25.000000,26.000000,27.000000
18:42:50,0.000000,0.000000,3.000000,0.000000,1.200000,381.200000,381.400000,3.235000,36.000000,3.200000,1.000000,27.000000,8.000000,20.000000,1.000000,0C00C0C000000000,0000000000000000,0A00000000000000,000000000000000,0.000000,141.774000,168.000000,115.800000,0.000000,3.235000,36.000000,3.200000,1.000000,27.000000,8.000000,20.000000,36.000000,0.035000,0.000000,0A00000000000000,0,36.000000,8.000000,3.200000,3.201000,3.202000,3.203000,3.204000,3.205000,3.206000,3.207000,3.208000,3.209000,3.210000,3.211000,3.212000,3.213000,3.214000,3.215000,3.216000,3.217000,3.218000,3.219000,3.220000,3.221000,3.222000,3.223000,3.224000,3.225000,3.226000,3.227000,3.228000,3.229000,3.230000,3.231000,3.232000,3.233000,3.234000,3.235000,20.000000,21.000000,22.000000,23.000000,24.000000,25.000000,26.000000,27.000000,168.000000,115.800000,0.000000,3.235000,36.000000,3.200000,1.000000,27.000000,8.000000,20.000000,36.000000,0.035000,0.000000,0A00000000000000,0,36.000000,8.000000,3.200000,3.201000,3.202000,3.203000,3.204000,3.205000,3.206000,3.207000,3.208000,3.209000,3.210000,3.211000,3.212000,3.213000,3.214000,3.215000,3.216000,3.217000,3.218000,3.219000,3.220000,3.221000,3.222000,3.223000,3.224000,3.225000,3.226000,3.227000,3.228000,3.229000,3.230000,3.231000,3.232000,3.233000,3.234000,3.235000,20.000000,21.000000,22.000000,23.000000,24.000000,25.000000,26.000000,27.000000,168.000000,115.800000,0.000000,3.235000,36.000000,3.200000,1.000000,27.000000,8.000000,20.000000,36.000000,0.035000,0.000000,0A00000000000000,0,36.000000,8.000000,3.200000,3.201000,3.202000,3.203000,3.204000,3.205000,3.206000,3.207000,3.208000,3.209000,3.210000,3.211000,3.212000,3.213000,3.214000,3.215000,3.216000,3.217000,3.218000,3.219000,3.220000,3.221000,3.222000,3.223000,3.224000,3.225000,3.226000,3.227000,3.228000,3.229000,3.230000,3.231000,3.232000,3.233000,3.234000,3.235000,20.000000,21.000000,22.000000,23.000000,24.000000,25.000000,26.000000,27.000000
18:42:51,0.000000,0.000000,3.000000,0.000000,1.200000,381.200000,381.400000,3.235000,36.000000,3.200000,1.000000,27.000000,8.000000,20.000000,1.000000,0C00C0C000000000,0000000000000000,0A00000000000000,000000000000000,0.000000,141.774000,168.000000,115.800000,0.000000,3.235000,36.000000,3.200000,1.000000,27.000000,8.000000,20.000000,36.000000,0.035000,0.000000,0A00000000000000,0,36.000000,8.000000,3.200000,3.201000,3.202000,3.203000,3.204000,3.205000,3.206000,3.207000,3.208000,3.209000,3.210000,3.211000,3.212000,3.213000,3.214000,3.215000,3.216000,3.217000,3.218000,3.219000,3.220000,3.221000,3.222000,3.223000,3.224000,3.225000,3.226000,3.227000,3.228000,3.229000,3.230000,3.231000,3.232000,3.233000,3.234000,3.235000,20.000000,21.000000,22.000000,23.000000,24.000000,25.000000,26.000000,27.000000,168.000000,115.800000,0.000000,3.235000,36.000000,3.200000,1.000000,27.000000,8.000000,20.000000,36.000000,0.035000,0.000000,0A00000000000000,0,36.000000,8.000000,3.200000,3.201000,3.202000,3.203000,3.204000,3.205000,3.206000,3.207000,3.208000,3.209000,3.210000,3.211000,3.212000,3.213000,3.214000,3.215000,3.216000,3.217000,3.218000,3.219000,3.220000,3.221000,3.222000,3.223000,3.224000,3.225000,3.226000,3.227000,3.228000,3.229000,3.230000,3.231000,3.232000,3.233000,3.234000,3.235000,20.000000,21.000000,22.000000,23.000000,24.000000,25.000000,26.000000,27.000000,168.000000,115.800000,0.000000,3.235000,36.000000,3.200000,1.000000,27.000000,8.000000,20.000000,36.000000,0.035000,0.000000,0A00000000000000,0,36.000000,8.000000,3.200000,3.201000,3.202000,3.203000,3.204000,3.205000,3.206000,3.207000,3.208000,3.209000,3.210000,3.211000,3.212000,3.213000,3.214000,3.215000,3.216000,3.217000,3.218000,3.219000,3.220000,3.221000,3.222000,3.223000,3.224000,3.225000,3.226000,3.227000,3.228000,3.229000,3.230000,3.231000,3.232000,3.233000,3.234000,3.235000,20.000000,21.000000,22.000000,23.000000,24.000000,25.000000,26.000000,27.000000
18:42:52,0.000000,0.000000,3.000000,0.000000,1.200000,381.200000,381.400000,3.235000,36.000000,3.200000,1.000000,27.000000,8.000000,20.000000,1.000000,0C00C0C000000000,0000000000000000,0A00000000000000,000000000000000,0.000000,141.774000,168.000000,115.800000,0.000000,3.235000,36.000000,3.200000,1.000000,27.000000,8.000000,20.000000,36.000000,0.035000,0.000000,0A00000000000000,0,36.000000,8.000000,3.200000,3.201000,3.202000,3.203000,3.204000,3.205000,3.206000,3.207000,3.208000,3.209000,3.210000,3.211000,3.212000,3.213000,3.214000,3.215000,3.216000,3.217000,3.218000,3.219000,3.220000,3.221000,3.222000,3.223000,3.224000,3.225000,3.226000,3.227000,3.228000,3.229000,3.230000,3.231000,3.232000,3.233000,3.234000,3.235000,20.000000,21.000000,22.000000,23.000000,24.000000,25.000000,26.000000,27.000000,168.000000,115.800000,0.000000,3.235000,36.000000,3.200000,1.000000,27.000000,8.000000,20.000000,36.000000,0.035000,0.000000,0A00000000000000,0,36.000000,8.000000,3.200000,3.201000,3.202000,3.203000,3.204000,3.205000,3.206000,3.207000,3.208000,3.209000,3.210000,3.211000,3.212000,3.213000,3.214000,3.215000,3.216000,3.217000,3.218000,3.219000,3.220000,3.221000,3.222000,3.223000,3.224000,3.225000,3.226000,3.227000,3.228000,3.229000,3.230000,3.231000,3.232000,3.233000,3.234000,3.235000,20.000000,21.000000,22.000000,23.000000,24.000000,25.000000,26.000000,27.000000,168.000000,115.800000,0.000000,3.235000,36.000000,3.200000,1.000000,27.000000,8.000000,20.000000,36.000000,0.035000,0.000000,0A00000000000000,0,36.000000,8.000000,3.200000,3.201000,3.202000,3.203000,3.204000,3.205000,3.206000,3.207000,3.208000,3.209000,3.210000,3.211000,3.212000,3.213000,3.214000,3.215000,3.216000,3.217000,3.218000,3.219000,3.220000,3.221000,3.222000,3.223000,3.224000,3.225000,3.226000,3.227000,3.228000,3.229000,3.230000,3.231000,3.232000,3.233000,3.234000,3.235000,20.000000,21.000000,22.000000,23.000000,24.000000,25.000000,26.000000,27.000000
18:42:53,0.000000,0.000000,3.000000,0.000000,1.200000,381.200000,381.400000,3.235000,36.000000,3.200000,1.000000,27.000000,8.000000,20.000000,1.000000,0C00C0C000000000,0000000000000000,0A00000000000000,000000000000000,0.000000,141.774000,168.000000,115.800000,0.000000,3.235000,36.000000,3.200000,1.000000,27.000000,8.000000,20.000000,36.000000,0.035000,0.000000,0A00000000000000,0,36.000000,8.000000,3.200000,3.201000,3.202000,3.203000,3.204000,3.205000,3.206000,3.207000,3.208000,3.209000,3.210000,3.211000,3.212000,3.213000,3.214000,3.215000,3.216000,3.217000,3.218000,3.219000,3.220000,3.221000,3.222000,3.223000,3.224000,3.225000,3.226000,3.227000,3.228000,3.229000,3.230000,3.231000,3.232000,3.233000,3.234000,3.235000,20.000000,21.000000,22.000000,23.000000,24.000000,25.000000,26.000000,27.000000,168.000000,115.800000,0.000000,3.235000,36.000000,3.200000,1.000000,27.000000,8.000000,20.000000,36.000000,0.035000,0.000000,0A00000000000000,0,36.000000,8.000000,3.200000,3.201000,3.202000,3.203000,3.204000,3.205000,3.206000,3.207000,3.208000,3.209000,3.210000,3.211000,3.212000,3.213000,3.214000,3.215000,3.216000,3.217000,3.218000,3.219000,3.220000,3.221000,3.222000,3.223000,3.224000,3.225000,3.226000,3.227000,3.228000,3.229000,3.230000,3.231000,3.232000,3.233000,3.234000,3.235000,20.000000,21.000000,22.000000,23.000000,24.000000,25.000000,26.000000,27.000000,168.000000,115.800000,0.000000,3.235000,36.000000,3.200000,1.000000,27.000000,8.000000,20.000000,36.000000,0.035000,0.000000,0A00000000000000,0,36.000000,8.000000,3.200000,3.201000,3.202000,3.203000,3.204000,3.205000,3.206000,3.207000,3.208000,3.209000,3.210000,3.211000,3.212000,3.213000,3.214000,3.215000,3.216000,3.217000,3.218000,3.219000,3.220000,3.221000,3.222000,3.223000,3.224000,3.225000,3.226000,3.227000,3.228000,3.229000,3.230000,3.231000,3.232000,3.233000,3.234000,3.235000,20.000000,21.000000,22.000000,23.000000,24.000000,25.000000,26.000000,27.000000
18:42:54,0.000000,0.000000,3.000000,0.000000,1.200000,381.200000,381.400000,3.235000,36.000000,3.200000,1.000000,27.000000,8.000000,20.000000,1.000000,0C00C0C000000000,0000000000000000,0A00000000000000,000000000000000,0.000000,141.774000,168.000000,115.800000,0.000000,3.235000,36.000000,3.200000,1.000000,27.000000,8.000000,20.000000,36.000000,0.035000,0.000000,0A00000000000000,0,36.000000,8.000000,3.200000,3.201000,3.202000,3.203000,3.204000,3.205000,3.206000,3.207000,3.208000,3.209000,3.210000,3.211000,3.212000,3.213000,3.214000,3.215000,3.216000,3.217000,3.218000,3.219000,3.220000,3.221000,3.222000,3.223000,3.224000,3.225000,3.226000,3.227000,3.228000,3.229000,3.230000,3.231000,3.232000,3.233000,3.234000,3.235000,20.000000,21.000000,22.000000,23.000000,24.000000,25.000000,26.000000,27.000000,168.000000,115.800000,0.000000,3.235000,36.000000,3.200000,1.000000,27.000000,8.000000,20.000000,36.000000,0.035000,0.000000,0A00000000000000,0,36.000000,8.000000,3.200000,3.201000,3.202000,3.203000,3.204000,3.205000,3.206000,3.207000,3.208000,3.209000,3.210000,3.211000,3.212000,3.213000,3.214000,3.215000,3.216000,3.217000,3.218000,3.219000,3.220000,3.221000,3.222000,3.223000,3.224000,3.225000,3.226000,3.227000,3.228000,3.229000,3.230000,3.231000,3.232000,3.233000,3.234000,3.235000,20.000000,21.000000,22.000000,23.000000,24.000000,25.000000,26.000000,27.000000,168.000000,115.800000,0.000000,3.235000,36.000000,3.200000,1.000000,27.000000,8.000000,20.000000,36.000000,0.035000,0.000000,0A00000000000000,0,36.000000,8.000000,3.200000,3.201000,3.202000,3.203000,3.204000,3.205000,3.206000,3.207000,3.208000,3.209000,3.210000,3.211000,3.212000,3.213000,3.214000,3.215000,3.216000,3.217000,3.218000,3.219000,3.220000,3.221000,3.222000,3.223000,3.224000,3.225000,3.226000,3.227000,3.228000,3.229000,3.230000,3.231000,3.232000,3.233000,3.234000,3.235000,20.000000,21.000000,22.000000,23.000000,24.000000,25.000000,26.000000,27.000000
18:42:55,0.000000,0.000000,3.000000,0.000000,1.200000,381.200000,381.400000,3.235000,36.000000,3.200000,1.000000,27.000000,8.000000,20.000000,1.000000,0C00C0C000000000,0000000000000000,0A00000000000000,000000000000000,0.000000,141.774000,168.000000,115.800000,0.000000,3.235000,36.000000,3.200000,1.000000,27.000000,8.000000,20.000000,36.000000,0.035000,0.000000,0A00000000000000,0,36.000000,8.000000,3.200000,3.201000,3.202000,3.203000,3.204000,3.205000,3.206000,3.207000,3.208000,3.209000,3.210000,3.211000,3.212000,3.213000,3.214000,3.215000,3.216000,3.217000,3.218000,3.219000,3.220000,3.221000,3.222000,3.223000,3.224000,3.225000,3.226000,3.227000,3.228000,3.229000,3.230000,3.231000,3.232000,3.233000,3.234000,3.235000,20.000000,21.000000,22.000000,23.000000,24.000000,25.000000,26.000000,27.000000,168.000000,115.800000,0.000000,3.235000,36.000000,3.200000,1.000000,27.000000,8.000000,20.000000,36.000000,0.035000,0.000000,0A00000000000000,0,36.000000,8.000000,3.200000,3.201000,3.202000,3.203000,3.204000,3.205000,3.206000,3.207000,3.208000,3.209000,3.210000,3.211000,3.212000,3.213000,3.214000,3.215000,3.216000,3.217000,3.218000,3.219000,3.220000,3.221000,3.222000,3.223000,3.224000,3.225000,3.226000,3.227000,3.228000,3.229000,3.230000,3.231000,3.232000,3.233000,3.234000,3.235000,20.000000,21.000000,22.000000,23.000000,24.000000,25.000000,26.000000,27.000000,168.000000,115.800000,0.000000,3.235000,36.000000,3.200000,1.000000,27.000000,8.000000,20.000000,36.000000,0.035000,0.000000,0A00000000000000,0,36.000000,8.000000,3.200000,3.201000,3.202000,3.203000,3.204000,3.205000,3.206000,3.207000,3.208000,3.209000,3.210000,3.211000,3.212000,3.213000,3.214000,3.215000,3.216000,3.217000,3.218000,3.219000,3.220000,3.221000,3.222000,3.223000,3.224000,3.225000,3.226000,3.227000,3.228000,3.229000,3.230000,3.231000,3.232000,3.233000,3.234000,3.235000,20.000000,21.000000,22.000000,23.000000,24.000000,25.000000,26.000000,27.000000
18:42:56,0.000000,0.000000,3.000000,0.000000,1.200000,381.200000,381.400000,3.235000,36.000000,3.200000,1.000000,27.000000,8.000000,20.000000,1.000000,0C00C0C000000000,0000000000000000,0A00000000000000,000000000000000,0.000000,141.774000,168.000000,115.800000,0.000000,3.235000,36.000000,3.200000,1.000000,27.000000,8.000000,20.000000,36.000000,0.035000,0.000000,0A00000000000000,0,36.000000,8.000000,3.200000,3.201000,3.202000,3.203000,3.204000,3.205000,3.206000,3.207000,3.208000,3.209000,3.210000,3.211000,3.212000,3.213000,3.214000,3.215000,3.216000,3.217000,3.218000,3.219000,3.220000,3.221000,3.222000,3.223000,3.224000,3.225000,3.226000,3.227000,3.228000,3.229000,3.230000,3.231000,3.232000,3.233000,3.234000,3.235000,20.000000,21.000000,22.000000,23.000000,24.000000,25.000000,26.000000,27.000000,168.000000,115.800000,0.000000,3.235000,36.000000,3.200000,1.000000,27.000000,8.000000,20.000000,36.000000,0.035000,0.000000,0A00000000000000,0,36.000000,8.000000,3.200000,3.201000,3.202000,3.203000,3.204000,3.205000,3.206000,3.207000,3.208000,3.209000,3.210000,3.211000,3.212000,3.213000,3.214000,3.215000,3.216000,3.217000,3.218000,3.219000,3.220000,3.221000,3.222000,3.223000,3.224000,3.225000,3.226000,3.227000,3.228000,3.229000,3.230000,3.231000,3.232000,3.233000,3.234000,3.235000,20.000000,21.000000,22.000000,23.000000,24.000000,25.000000,26.000000,27.000000,168.000000,115.800000,0.000000,3.235000,36.000000,3.200000,1.000000,27.000000,8.000000,20.000000,36.000000,0.035000,0.000000,0A00000000000000,0,36.000000,8.000000,3.200000,3.201000,3.202000,3.203000,3.204000,3.205000,3.206000,3.207000,3.208000,3.209000,3.210000,3.211000,3.212000,3.213000,3.214000,3.215000,3.216000,3.217000,3.218000,3.219000,3.220000,3.221000,3.222000,3.223000,3.224000,3.225000,3.226000,3.227000,3.228000,3.229000,3.230000,3.231000,3.232000,3.233000,3.234000,3.235000,20.000000,21.000000,22.000000,23.000000,24.000000,25.000000,26.000000,27.000000
18:42:57,0.000000,0.000000,3.000000,0.000000,1.200000,381.200000,381.400000,3.235000,36.000000,3.200000,1.000000,27.000000,8.000000,20.000000,1.000000,0C00C0C000000000,0000000000000000,0A00000000000000,000000000000000,0.000000,141.774000,168.000000,115.800000,0.000000,3.235000,36.000000,3.200000,1.000000,27.000000,8.000000,20.000000,36.000000,0.035000,0.000000,0A00000000000000,0,36.000000,8.000000,3.200000,3.201000,3.202000,3.203000,3.204000,3.205000,3.206000,3.207000,3.208000,3.209000,3.210000,3.211000,3.212000,3.213000,3.214000,3.215000,3.216000,3.217000,3.218000,3.219000,3.220000,3.221000,3.222000,3.223000,3.224000,3.225000,3.226000,3.227000,3.228000,3.229000,3.230000,3.231000,3.232000,3.233000,3.234000,3.235000,20.000000,21.000000,22.000000,23.000000,24.000000,25.000000,26.000000,27.000000,168.000000,115.800000,0.000000,3.235000,36.000000,3.200000,1.000000,27.000000,8.000000,20.000000,36.000000,0.035000,0.000000,0A00000000000000,0,36.000000,8.000000,3.200000,3.201000,3.202000,3.203000,3.204000,3.205000,3.206000,3.207000,3.208000,3.209000,3.210000,3.211000,3.212000,3.213000,3.214000,3.215000,3.216000,3.217000,3.218000,3.219000,3.220000,3.221000,3.222000,3.223000,3.224000,3.225000,3.226000,3.227000,3.228000,3.229000,3.230000,3.231000,3.232000,3.233000,3.234000,3.235000,20.000000,21.000000,22.000000,23.000000,24.000000,25.000000,26.000000,27.000000,168.000000,115.800000,0.000000,3.235000,36.000000,3.200000,1.000000,27.000000,8.000000,20.000000,36.000000,0.035000,0.000000,0A00000000000000,0,36.000000,8.000000,3.200000,3.201000,3.202000,3.203000,3.204000,3.205000,3.206000,3.207000,3.208000,3.209000,3.210000,3.211000,3.212000,3.213000,3.214000,3.215000,3.216000,3.217000,3.218000,3.219000,3.220000,3.221000,3.222000,3.223000,3.224000,3.225000,3.226000,3.227000,3.228000,3.229000,3.230000,3.231000,3.232000,3.233000,3.234000,3.235000,20.000000,21.000000,22.000000,23.000000,24.000000,25.000000,26.000000,27.000000
18:42:58,0.000000,0.000000,3.000000,0.000000,1.200000,381.200000,381.400000,3.235000,36.000000,3.200000,1.000000,27.000000,8.000000,20.000000,1.000000,0C00C0C000000000,0000000000000000,0A00000000000000,000000000000000,0.000000,141.774000,168.000000,115.800000,0.000000,3.235000,36.000000,3.200000,1.000000,27.000000,8.000000,20.000000,36.000000,0.035000,0.000000,0A00000000000000,0,36.000000,8.000000,3.200000,3.201000,3.202000,3.203000,3.204000,3.205000,3.206000,3.207000,3.208000,3.209000,3.210000,3.211000,3.212000,3.213000,3.214000,3.215000,3.216000,3.217000,3.218000,3.219000,3.220000,3.221000,3.222000,3.223000,3.224000,3.225000,3.226000,3.227000,3.228000,3.229000,3.230000,3.231000,3.232000,3.233000,3.234000,3.235000,20.000000,21.000000,22.000000,23.000000,24.000000,25.000000,26.000000,27.000000,168.000000,115.800000,0.000000,3.235000,36.000000,3.200000,1.000000,27.000000,8.000000,20.000000,36.000000,0.035000,0.000000,0A00000000000000,0,36.000000,8.000000,3.200000,3.201000,3.202000,3.203000,3.204000,3.205000,3.206000,3.207000,3.208000,3.209000,3.210000,3.211000,3.212000,3.213000,3.214000,3.215000,3.216000,3.217000,3.218000,3.219000,3.220000,3.221000,3.222000,3.223000,3.224000,3.225000,3.226000,3.227000,3.228000,3.229000,3.230000,3.231000,3.232000,3.233000,3.234000,3.235000,20.000000,21.000000,22.000000,23.000000,24.000000,25.000000,26.000000,27.000000,168.000000,115.800000,0.000000,3.235000,36.000000,3.200000,1.000000,27.000000,8.000000,20.000000,36.000000,0.035000,0.000000,0A00000000000000,0,36.000000,8.000000,3.200000,3.201000,3.202000,3.203000,3.204000,3.205000,3.206000,3.207000,3.208000,3.209000,3.210000,3.211000,3.212000,3.213000,3.214000,3.215000,3.216000,3.217000,3.218000,3.219000,3.220000,3.221000,3.222000,3.223000,3.224000,3.225000,3.226000,3.227000,3.228000,3.229000,3.230000,3.231000,3.232000,3.233000,3.234000,3.235000,20.000000,21.000000,22.000000,23.000000,24.000000,25.000000,26.000000,27.000000
18:42:59,0.000000,0.000000,3.000000,0.000000,1.200000,381.200000,381.400000,3.235000,36.000000,3.200000,1.000000,27.000000,8.000000,20.000000,1.000000,0C00C0C000000000,0000000000000000,0A00000000000000,000000000000000,0.000000,141.774000,168.000000,115.800000,0.000000,3.235000,36.000000,3.200000,1.000000,27.000000,8.000000,20.000000,36.000000,0.035000,0.000000,0A00000000000000,0,36.000000,8.000000,3.200000,3.201000,3.202000,3.203000,3.204000,3.205000,3.206000,3.207000,3.208000,3.209000,3.210000,3.211000,3.212000,3.213000,3.214000,3.215000,3.216000,3.217000,3.218000,3.219000,3.220000,3.221000,3.222000,3.223000,3.224000,3.225000,3.226000,3.227000,3.228000,3.229000,3.230000,3.231000,3.232000,3.233000,3.234000,3.235000,20.000000,21.000000,22.000000,23.000000,24.000000,25.000000,26.000000,27.000000,168.000000,115.800000,0.000000,3.235000,36.000000,3.200000,1.000000,27.000000,8.000000,20.000000,36.000000,0.035000,0.000000,0A00000000000000,0,36.000000,8.000000,3.200000,3.201000,3.202000,3.203000,3.204000,3.205000,3.206000,3.207000,3.208000,3.209000,3.210000,3.211000,3.212000,3.213000,3.214000,3.215000,3.216000,3.217000,3.218000,3.219000,3.220000,3.221000,3.222000,3.223000,3.224000,3.225000,3.226000,3.227000,3.228000,3.229000,3.230000,3.231000,3.232000,3.233000,3.234000,3.235000,20.000000,21.000000,22.000000,23.000000,24.000000,25.000000,26.000000,27.000000,168.000000,115.800000,0.000000,3.235000,36.000000,3.200000,1.000000,27.000000,8.000000,20.000000,36.000000,0.035000,0.000000,0A00000000000000,0,36.000000,8.000000,3.200000,3.201000,3.202000,3.203000,3.204000,3.205000,3.206000,3.207000,3.208000,3.209000,3.210000,3.211000,3.212000,3.213000,3.214000,3.215000,3.216000,3.217000,3.218000,3.219000,3.220000,3.221000,3.222000,3.223000,3.224000,3.225000,3.226000,3.227000,3.228000,3.229000,3.230000,3.231000,3.232000,3.233000,3.234000,3.235000,20.000000,21.000000,22.000000,23.000000,24.000000,25.000000,26.000000,27.000000
18:43:00,0.000000,0.000000,3.000000,0.000000,1.200000,381.200000,381.400000,3.235000,36.000000,3.200000,1.000000,27.000000,8.000000,20.000000,1.000000,0C00C0C000000000,0000000000000000,0A00000000000000,000000000000000,0.000000,141.774000,168.000000,115.800000,0.000000,3.235000,36.000000,3.200000,1.000000,27.000000,8.000000,20.000000,36.000000,0.035000,0.000000,0A00000000000000,0,36.000000,8.000000,3.200000,3.201000,3.202000,3.203000,3.204000,3.205000,3.206000,3.207000,3.208000,3.209000,3.210000,3.211000,3.212000,3.213000,3.214000,3.215000,3.216000,3.217000,3.218000,3.219000,3.220000,3.221000,3.222000,3.223000,3.224000,3.225000,3.226000,3.227000,3.228000,3.229000,3.230000,3.231000,3.232000,3.233000,3.234000,3.235000,20.000000,21.000000,22.000000,23.000000,24.000000,25.000000,26.000000,27.000000,168.000000,115.800000,0.000000,3.235000,36.000000,3.200000,1.000000,27.000000,8.000000,20.000000,36.000000,0.035000,0.000000,0A00000000000000,0,36.000000,8.000000,3.200000,3.201000,3.202000,3.203000,3.204000,3.205000,3.206000,3.207000,3.208000,3.209000,3.210000,3.211000,3.212000,3.213000,3.214000,3.215000,3.216000,3.217000,3.218000,3.219000,3.220000,3.221000,3.222000,3.223000,3.224000,3.225000,3.226000,3.227000,3.228000,3.229000,3.230000,3.231000,3.232000,3.233000,3.234000,3.235000,20.000000,21.000000,22.000000,23.000000,24.000000,25.000000,26.000000,27.000000,168.000000,115.800000,0.000000,3.235000,36.000000,3.200000,1.000000,27.000000,8.000000,20.000000,36.000000,0.035000,0.000000,0A00000000000000,0,36.000000,8.000000,3.200000,3.201000,3.202000,3.203000,3.204000,3.205000,3.206000,3.207000,3.208000,3.209000,3.210000,3.211000,3.212000,3.213000,3.214000,3.215000,3.216000,3.217000,3.218000,3.219000,3.220000,3.221000,3.222000,3.223000,3.224000,3.225000,3.226000,3.227000,3.228000,3.229000,3.230000,3.231000,3.232000,3.233000,3.234000,3.235000,20.000000,21.000000,22.000000,23.000000,24.000000,25.000000,26.000000,27.000000
18:43:01,0.000000,0.000000,3.000000,0.000000,1.200000,381.200000,381.400000,3.235000,36.000000,3.200000,1.000000,27.000000,8.000000,20.000000,1.000000,0C00C0C000000000,0000000000000000,0A00000000000000,000000000000000,0.000000,141.774000,168.000000,115.800000,0.000000,3.235000,36.000000,3.200000,1.000000,27.000000,8.000000,20.000000,36.000000,0.035000,0.000000,0A00000000000000,0,36.000000,8.000000,3.200000,3.201000,3.202000,3.203000,3.204000,3.205000,3.206000,3.207000,3.208000,3.209000,3.210000,3.211000,3.212000,3.213000,3.214000,3.215000,3.216000,3.217000,3.218000,3.219000,3.220000,3.221000,3.222000,3.223000,3.224000,3.225000,3.226000,3.227000,3.228000,3.229000,3.230000,3.231000,3.232000,3.233000,3.234000,3.235000,20.000000,21.000000,22.000000,23.000000,24.000000,25.000000,26.000000,27.000000,168.000000,115.800000,0.000000,3.235000,36.000000,3.200000,1.000000,27.000000,8.000000,20.000000,36.000000,0.035000,0.000000,0A00000000000000,0,36.000000,8.000000,3.200000,3.201000,3.202000,3.203000,3.204000,3.205000,3.206000,3.207000,3.208000,3.209000,3.210000,3.211000,3.212000,3.213000,3.214000,3.215000,3.216000,3.217000,3.218000,3.219000,3.220000,3.221000,3.222000,3.223000,3.224000,3.225000,3.226000,3.227000,3.228000,3.229000,3.230000,3.231000,3.232000,3.233000,3.234000,3.235000,20.000000,21.000000,22.000000,23.000000,24.000000,25.000000,26.000000,27.000000,168.000000,115.800000,0.000000,3.235000,36.000000,3.200000,1.000000,27.000000,8.000000,20.000000,36.000000,0.035000,0.000000,0A00000000000000,0,36.000000,8.000000,3.200000,3.201000,3.202000,3.203000,3.204000,3.205000,3.206000,3.207000,3.208000,3.209000,3.210000,3.211000,3.212000,3.213000,3.214000,3.215000,3.216000,3.217000,3.218000,3.219000,3.220000,3.221000,3.222000,3.223000,3.224000,3.225000,3.226000,3.227000,3.228000,3.229000,3.230000,3.231000,3.232000,3.233000,3.234000,3.235000,20.000000,21.000000,22.000000,23.000000,24.000000,25.000000,26.000000,27.000000
18:43:02,0.000000,0.000000,3.000000,0.000000,1.200000,381.200000,381.400000,3.235000,36.000000,3.200000,1.000000,27.000000,8.000000,20.000000,1.000000,0C00C0C000000000,0000000000000000,0A00000000000000,000000000000000,0.000000,141.774000,168.000000,115.800000,0.000000,3.235000,36.000000,3.200000,1.000000,27.000000,8.000000,20.000000,36.000000,0.035000,0.000000,0A00000000000000,0,36.000000,8.000000,3.200000,3.201000,3.202000,3.203000,3.204000,3.205000,3.206000,3.207000,3.208000,3.209000,3.210000,3.211000,3.212000,3.213000,3.214000,3.215000,3.216000,3.217000,3.218000,3.219000,3.220000,3.221000,3.222000,3.223000,3.224000,3.225000,3.226000,3.227000,3.228000,3.229000,3.230000,3.231000,3.232000,3.233000,3.234000,3.235000,20.000000,21.000000,22.000000,23.000000,24.000000,25.000000,26.000000,27.000000,168.000000,115.800000,0.000000,3.235000,36.000000,3.200000,1.000000,27.000000,8.000000,20.000000,36.000000,0.035000,0.000000,0A00000000000000,0,36.000000,8.000000,3.200000,3.201000,3.202000,3.203000,3.204000,3.205000,3.206000,3.207000,3.208000,3.209000,3.210000,3.211000,3.212000,3.213000,3.214000,3.215000,3.216000,3.217000,3.218000,3.219000,3.220000,3.221000,3.222000,3.223000,3.224000,3.225000,3.226000,3.227000,3.228000,3.229000,3.230000,3.231000,3.232000,3.233000,3.234000,3.235000,20.000000,21.000000,22.000000,23.000000,24.000000,25.000000,26.000000,27.000000,168.000000,115.800000,0.000000,3.235000,36.000000,3.200000,1.000000,27.000000,8.000000,20.000000,36.000000,0.035000,0.000000,0A00000000000000,0,36.000000,8.000000,3.200000,3.201000,3.202000,3.203000,3.204000,3.205000,3.206000,3.207000,3.208000,3.209000,3.210000,3.211000,3.212000,3.213000,3.214000,3.215000,3.216000,3.217000,3.218000,3.219000,3.220000,3.221000,3.222000,3.223000,3.224000,3.225000,3.226000,3.227000,3.228000,3.229000,3.230000,3.231000,3.232000,3.233000,3.234000,3.235000,20.000000,21.000000,22.000000,23.000000,24.000000,25.000000,26.000000,27.000000
18:43:03,0.000000,0.000000,3.000000,0.000000,1.200000,381.200000,381.400000,3.235000,36.000000,3.200000,1.000000,27.000000,8.000000,20.000000,1.000000,0C00C0C000000000,0000000000000000,0A00000000000000,000000000000000,0.000000,141.774000,168.000000,115.800000,0.000000,3.235000,36.000000,3.200000,1.000000,27.000000,8.000000,20.000000,36.000000,0.035000,0.000000,0A00000000000000,0,36.000000,8.000000,3.200000,3.201000,3.202000,3.203000,3.204000,3.205000,3.206000,3.207000,3.208000,3.209000,3.210000,3.211000,3.212000,3.213000,3.214000,3.215000,3.216000,3.217000,3.218000,3.219000,3.220000,3.221000,3.222000,3.223000,3.224000,3.225000,3.226000,3.227000,3.228000,3.229000,3.230000,3.231000,3.232000,3.233000,3.234000,3.235000,20.000000,21.000000,22.000000,23.000000,24.000000,25.000000,26.000000,27.000000,168.000000,115.800000,0.000000,3.235000,36.000000,3.200000,1.000000,27.000000,8.000000,20.000000,36.000000,0.035000,0.000000,0A00000000000000,0,36.000000,8.000000,3.200000,3.201000,3.202000,3.203000,3.204000,3.205000,3.206000,3.207000,3.208000,3.209000,3.210000,3.211000,3.212000,3.213000,3.214000,3.215000,3.216000,3.217000,3.218000,3.219000,3.220000,3.221000,3.222000,3.223000,3.224000,3.225000,3.226000,3.227000,3.228000,3.229000,3.230000,3.231000,3.232000,3.233000,3.234000,3.235000,20.000000,21.000000,22.000000,23.000000,24.000000,25.000000,26.000000,27.000000,168.000000,115.800000,0.000000,3.235000,36.000000,3.200000,1.000000,27.000000,8.000000,20.000000,36.000000,0.035000,0.000000,0A00000000000000,0,36.000000,8.000000,3.200000,3.201000,3.202000,3.203000,3.204000,3.205000,3.206000,3.207000,3.208000,3.209000,3.210000,3.211000,3.212000,3.213000,3.214000,3.215000,3.216000,3.217000,3.218000,3.219000,3.220000,3.221000,3.222000,3.223000,3.224000,3.225000,3.226000,3.227000,3.228000,3.229000,3.230000,3.231000,3.232000,3.233000,3.234000,3.235000,20.000000,21.000000,22.000000,23.000000,24.000000,25.000000,26.000000,27.000000
